sym,twitter_userName
AAVE,AaveAave
ADA,cardano
ADX,AdEx_Network
AE,aeternity
AGI,singularity_net
AION,Aion_OAN
ALGO,AlgoFoundation
ALPHA,alphafinancelab
AMB,AmbrosusAMB
ANKR,ankr
ANT,AragonProject
APPC,appcoinsproject
ARDR,ardorplatform
ARK,ArkEcosystem
ARPA,arpaofficial
AST,airswap
ATOM,cosmos
AVA,travalacom
AVAX,AvalancheAVAX
BAL,BalancerLabs
BAND,bandprotocol
BAT,attentiontoken
BCD,BitcoinDiamond_
BCPT,blockmasonio
BEAM,beamprivacy
BEL,BellaProtocol
BLZ,bluzellehq
BNB,binance
BNT,Bancor
BRD,BRDHQ
BTG,bitcoingold
BTS,BitShares
BZRX,bzxHQ
CDT,Blox_Staking
CELR,CelerNetwork
CHR,Chromia
CHZ,chiliz
CMT,cometcoin
CND,Cindicator
COMP,CompoundCoin
COS,contentosio
COTI,COTInetwork
CRV,curvefinance
CTSI,cartesiproject
CTXC,CTXCBlockchain
CVC,civickey
DASH,Dashpay
DATA,streamr
DCR,decredproject
DGB,DigiByteCoin
DIA,DIAdata_org
DLT,agrelloapp
DNT,district0x
DOCK,docknetwork
DOGE,dogecoin
DOT,Polkadot
DREP,FoundationDrep
DUSK,DuskFoundation
EGLD,elrondnetwork
ELF,aelfblockchain
ENJ,enjin
EOS,block_one_
ETC,eth_classic
ETH,ethereum
EVX,everexio
FET,fetch_ai
FIL,protocollabs
FIO,joinFIO
FLM,FlamingoFinance
FTM,FantomFDN
FTT,farmatrust
FUN,FunFairTech
GNT,golemproject
GO,go_chain
GRS,GroestlcoinTeam
GTO,GIFTO_io
GVT,genesis_vision
HBAR,hashgraph
HC,HcashOfficial
HIVE,hiveblocks
HNT,HintoWin
HOT,protocol_hydro
ICX,helloiconworld
IDEX,idexio
IOST,IOST_Official
IOTA,iotatoken
IOTX,iotex_io
IRIS,irisnetwork
JST,defi_just
KAVA,kava_labs
KMD,KomodoPlatform
KNC,kybernetwork
KSM,kusamanetwork
LINK,chainlink
LOOM,loomnetwork
LRC,loopringorg
LSK,LiskHQ
LTC,LitecoinProject
LTO,ltonetwork
MANA,decentraland
MATIC,maticnetwork
MBL,moviebloc
MCO,cryptocom
MDA,moedaseeds
MDT,MeasurableData
MITH,MithrilOfficial
MKR,MakerDAO
MTH,Monetha_io
MTL,metalpaysme
NANO,nano
NAS,nebulasio
NAV,NAVCoin
NEAR,NEARProtocol
NEBL,NeblioTeam
NEO,neo_blockchain
NKN,nkn_org
NMR,numerai
NULS,nuls
NXS,NexusOfficial
OAX,OAX_Foundation
OCEAN,oceanprotocol
OGN,originprotocol
OMG,omgnetworkhq
ONE,BigONEexchange
ONG,SoMeeOfficial
ONT,OntologyNetwork
ORN,orion_protocol
OST,OSTdotcom
OXT,OrchidProtocol
PAXG,paxosglobal
PERL,PerlinNetwork
PHB,red_pulse_china
PIVX,_pivx
PNT,Penta_GF
POA,poanetwork
POE,_poetproject
POLY,polymathnetwork
POWR,powerledger_io
PPT,BitPopulous
QKC,Quark_Chain
QLC,QLCchain
QSP,Quantstamp
QTUM,qtum
RCN,RCNFinance
RDN,raiden_network
REN,renprotocol
REP,AugurProject
REQ,requestnetwork
RLC,iEx_ec
RSR,reserveprotocol
RUNE,thorchain_org
RVN,ravencoin
SAND,thesandboxgame
SC,SiaTechHQ
SCRT,secretnetwork
SKY,Skycoinproject
SNGLS,WeAreBreaker
SNM,sonmdevelopment
SNT,ethstatus
SNX,synthetix_io
SOL,solana
STEEM,Steemit
STMX,stormxio
STORJ,storjproject
STPT,STP_Networks
STRAT,stratisplatform
STX,stx_coin
SUN,defi_sunio
SUSHI,sushiswap
SXP,SwipeWallet
SYS,syscoin
TCT,TokenClub_TCT
TFUEL,Theta_Network
THETA,Theta_Network
TNB,TimeNewBank
TOMO,TomoChainANN
TRB,WeAreTellor
TROY,troytrade
TRX,justinsuntron
UMA,UMAprotocol
UNI,Unicoin_UNI
UTK,UTRUST
VET,vechainofficial
VIA,viacoin
VIB,viberate
VIBE,VibeHubVR
VIDT,VIDT_Datalink
VITE,vitelabs
WABI,wabitoken
WAN,wanchain_org
WAVES,wavesprotocol
WING,WingsToken
WPR,WePowerN
WRX,wazirxindia
WTC,Waltonchain
XEM,NEMofficial
XLM,StellarOrg
XMR,monero
XRP,Ripple
XTZ,tezos
XVG,vergecurrency
XVS,VenusProtocol
XZC,zcoinofficial
YFI,iearnfinance
YFII,dfimoney
YOYO,InfoYoyow
ZEC,electriccoinco
ZEN,horizenglobal
ZIL,zilliqa
ZRX,0xproject
AERGO,AERGO_IO
AUDIO,AudiusProject
BOT,bounce_finance
CTK,certik_io
INJ,InjectiveLabs
RENBTC,renprotocol
HARD,hard_protocol
AXS,AxieInfinity
AKRO,akropolisio
1INCH,1inchExchange
ACM,actiniumcrypto
ALICE,MyNeighborAlice
ASR,socios
ATM,socios
AUCTION,bounce_finance
BADGER,badgerdao
BTCST,btcst2020
CAKE,pancakeswap
CELO,CeloOrg
CKB,nervosnetwork
DEGO,dego_finance
DODO,BreederDodo
EASY,EasyfiNetwork
FIRO,firoorg
FIS,Stafi_Protocol
FOR,ForTubeFi
FRONT,FrontierDotXYZ
FXS,fraxfinance
GLM,golemproject
GRT,goldenratioteam
JUV,juventusfcen
LINA,lina_network
LIT,lition_block
OG,socios
OM,MANTRADAO
PERP,perpprotocol
PHA,PhalaNetwork
POND,MarlinProtocol
PSG,socios
RAMP,RampDefi
REEF,ReefDeFi
RIF,rif_os
ROSE,OasisProtocol
SFP,isafepal
SKL,SkaleNetwork
STRAX,stratisplatform
SUPER,supercoinv2
SUSD,synthetix_io
TRU,TrustToken
TVK,terra_virtua
TWT,TrustWalletApp
UNFI,unifiprotocol
CFX,Conflux_Network
